{
  "1": {
    "top_sol": 0.779548,
    "top_user": "Coral@HumanAgentSociety",
    "n": 25,
    "sol_bound": 1.0,
    "scores": [
      0.779548,
      0.777514,
      0.771527,
      0.752451,
      0.732113,
      0.715888,
      0.700971,
      0.693135,
      0.684955,
      0.681465,
      0.679295,
      0.676252,
      0.670546,
      0.614658,
      0.603542,
      0.598691,
      0.594246,
      0.592525,
      0.510573,
      0.503792,
      0.495649,
      0.42001,
      0.356565,
      0.245203,
      0.205451
    ]
  },
  "2": {
    "top_sol": 0.724926,
    "top_user": "jonathanc.net",
    "n": 18,
    "sol_bound": 1.0,
    "scores": [
      0.724926,
      0.722866,
      0.719582,
      0.70303,
      0.680486,
      0.673943,
      0.653095,
      0.57819,
      0.5558,
      0.499373,
      0.47609,
      0.454373,
      0.427092,
      0.42498,
      0.421422,
      0.386798,
      0.32383,
      0.295959
    ]
  },
  "3": {
    "top_sol": 0.530728,
    "top_user": "ac4k",
    "n": 13,
    "sol_bound": 1.0,
    "scores": [
      0.530728,
      0.516897,
      0.514578,
      0.510733,
      0.508155,
      0.504564,
      0.501237,
      0.500302,
      0.499261,
      0.489573,
      0.485944,
      0.475272,
      0.463695
    ]
  },
  "4": {
    "top_sol": 0.700347,
    "top_user": "Recursive",
    "n": 16,
    "sol_bound": 1.0,
    "scores": [
      0.700347,
      0.695797,
      0.694829,
      0.670836,
      0.659115,
      0.65359,
      0.642428,
      0.635807,
      0.613848,
      0.607135,
      0.590193,
      0.590184,
      0.482949,
      0.467162,
      0.412256,
      0.080267
    ]
  },
  "5": {
    "top_sol": 0.763039,
    "top_user": "ac4k",
    "n": 12,
    "sol_bound": 1.0,
    "scores": [
      0.763039,
      0.761349,
      0.758899,
      0.748093,
      0.746844,
      0.736384,
      0.732709,
      0.721855,
      0.708814,
      0.521393,
      0.456651,
      0.439119
    ]
  },
  "6": {
    "top_sol": 0.775163,
    "top_user": "Recursive",
    "n": 12,
    "sol_bound": 1.0,
    "scores": [
      0.775163,
      0.756874,
      0.756084,
      0.746731,
      0.728321,
      0.698998,
      0.698343,
      0.680082,
      0.671045,
      0.66828,
      0.664973,
      0.358296
    ]
  },
  "7": {
    "top_sol": 0.809228,
    "top_user": "ac4k",
    "n": 12,
    "sol_bound": 1.0,
    "scores": [
      0.809228,
      0.780775,
      0.720502,
      0.687628,
      0.644952,
      0.563811,
      0.562267,
      0.560777,
      0.550009,
      0.54981,
      0.506415,
      0.471577
    ]
  },
  "8": {
    "top_sol": 0.890625,
    "top_user": "ac4k",
    "n": 12,
    "sol_bound": 1.0,
    "scores": [
      0.890625,
      0.886833,
      0.872986,
      0.871274,
      0.845175,
      0.840472,
      0.8198,
      0.816359,
      0.778776,
      0.737667,
      0.6668,
      0.548777
    ]
  },
  "9": {
    "top_sol": 0.947019,
    "top_user": "Recursive",
    "n": 9,
    "sol_bound": 1.0,
    "scores": [
      0.947019,
      0.936883,
      0.928826,
      0.918888,
      0.91387,
      0.906203,
      0.742966,
      0.308078,
      0.299963
    ]
  },
  "10": {
    "top_sol": 0.528876,
    "top_user": "ac4k",
    "n": 13,
    "sol_bound": 1.0,
    "scores": [
      0.528876,
      0.528656,
      0.525187,
      0.525035,
      0.513425,
      0.509969,
      0.495955,
      0.489877,
      0.487473,
      0.452218,
      0.408684,
      0.362047,
      0.012195
    ]
  },
  "11": {
    "top_sol": 0.774108,
    "top_user": "Databricks",
    "n": 20,
    "sol_bound": 1.0,
    "scores": [
      0.774108,
      0.771566,
      0.769263,
      0.763994,
      0.71011,
      0.678067,
      0.676959,
      0.673386,
      0.6733,
      0.672552,
      0.631141,
      0.610436,
      0.577494,
      0.546119,
      0.53861,
      0.537629,
      0.527789,
      0.527708,
      0.170495,
      0.114885
    ]
  },
  "12": {
    "top_sol": 0.914213,
    "top_user": "doubleAI",
    "n": 18,
    "sol_bound": 1.0,
    "scores": [
      0.914213,
      0.913033,
      0.9122,
      0.905451,
      0.903231,
      0.901083,
      0.900898,
      0.89864,
      0.894901,
      0.892167,
      0.89133,
      0.89066,
      0.887202,
      0.881939,
      0.872616,
      0.86785,
      0.846915,
      0.845111
    ]
  },
  "13": {
    "top_sol": 0.831298,
    "top_user": "Databricks",
    "n": 15,
    "sol_bound": 1.0,
    "scores": [
      0.831298,
      0.83008,
      0.829157,
      0.80802,
      0.777555,
      0.753217,
      0.749811,
      0.673248,
      0.6714,
      0.662268,
      0.602972,
      0.602728,
      0.586815,
      0.58105,
      0.563489
    ]
  },
  "14": {
    "top_sol": 0.934262,
    "top_user": "doubleAI",
    "n": 11,
    "sol_bound": 1.0,
    "scores": [
      0.934262,
      0.932635,
      0.930641,
      0.9295,
      0.906067,
      0.891835,
      0.885811,
      0.884165,
      0.883675,
      0.882444,
      0.428148
    ]
  },
  "15": {
    "top_sol": 0.652478,
    "top_user": "Recursive",
    "n": 11,
    "sol_bound": 1.0,
    "scores": [
      0.652478,
      0.643916,
      0.637815,
      0.610037,
      0.594971,
      0.572504,
      0.507867,
      0.47681,
      0.345449,
      0.185386,
      0.123563
    ]
  },
  "16": {
    "top_sol": 0.771141,
    "top_user": "ac4k",
    "n": 13,
    "sol_bound": 1.0,
    "scores": [
      0.771141,
      0.728445,
      0.681844,
      0.598347,
      0.579557,
      0.560472,
      0.550138,
      0.548626,
      0.501543,
      0.501221,
      0.50122,
      0.440655,
      0.200328
    ]
  },
  "17": {
    "top_sol": 0.71342,
    "top_user": "Databricks",
    "n": 9,
    "sol_bound": 1.0,
    "scores": [
      0.71342,
      0.693363,
      0.684955,
      0.673101,
      0.594925,
      0.573249,
      0.57086,
      0.531822,
      0.474793
    ]
  },
  "18": {
    "top_sol": 0.910135,
    "top_user": "ac4k",
    "n": 8,
    "sol_bound": 1.0,
    "scores": [
      0.910135,
      0.906295,
      0.90194,
      0.889081,
      0.868057,
      0.818234,
      0.798208,
      0.061187
    ]
  },
  "19": {
    "top_sol": 0.836301,
    "top_user": "doubleAI",
    "n": 9,
    "sol_bound": 1.0,
    "scores": [
      0.836301,
      0.834271,
      0.833292,
      0.831694,
      0.82821,
      0.798712,
      0.760278,
      0.746188,
      0.123289
    ]
  },
  "20": {
    "top_sol": 0.754774,
    "top_user": "ac4k",
    "n": 9,
    "sol_bound": 1.0,
    "scores": [
      0.754774,
      0.74032,
      0.729409,
      0.724745,
      0.674835,
      0.667357,
      0.61857,
      0.577765,
      0.43985
    ]
  },
  "21": {
    "top_sol": 0.882462,
    "top_user": "ac4k",
    "n": 9,
    "sol_bound": 1.0,
    "scores": [
      0.882462,
      0.880039,
      0.854549,
      0.846925,
      0.836987,
      0.764929,
      0.564507,
      0.505876,
      0.395875
    ]
  },
  "22": {
    "top_sol": 0.673742,
    "top_user": "doubleAI",
    "n": 8,
    "sol_bound": 1.0,
    "scores": [
      0.673742,
      0.657334,
      0.640261,
      0.640216,
      0.598269,
      0.582048,
      0.459529,
      0.352728
    ]
  },
  "23": {
    "top_sol": 0.9874,
    "top_user": "doubleAI",
    "n": 11,
    "sol_bound": 1.0,
    "scores": [
      0.9874,
      0.981584,
      0.978487,
      0.97786,
      0.976153,
      0.975915,
      0.975848,
      0.956173,
      0.90554,
      0.858137,
      0.144637
    ]
  },
  "24": {
    "top_sol": 0.945359,
    "top_user": "Databricks",
    "n": 11,
    "sol_bound": 1.0,
    "scores": [
      0.945359,
      0.930919,
      0.922491,
      0.922198,
      0.885804,
      0.885675,
      0.880824,
      0.877113,
      0.866897,
      0.862581,
      0.811624
    ]
  },
  "25": {
    "top_sol": 0.618919,
    "top_user": "ac4k",
    "n": 11,
    "sol_bound": 1.0,